{"batch_train_loss_adversarial": 2.382577657699585, "_timestamp": 1661698396, "_runtime": 26, "_step": 77, "batch_train_iou_adversarial": 0.01549738459289074, "batch_train_acc_adversarial": 0.29445031104082303, "epoch_train_loss_adversarial": 2.7787335968017577, "epoch_train_iou_adversarial": 0.011401135000342037, "epoch_train_acc_adversarial": 0.21647663690253502, "_wandb": {"runtime": 27}}