{"batch_train_loss_adversarial": 2.9383139610290527, "_timestamp": 1661691711, "_runtime": 23, "_step": 197, "batch_train_iou_adversarial": 0.023130720481276512, "batch_train_acc_adversarial": 0.4394836795846986, "epoch_train_loss_adversarial": 2.1651734278752253, "epoch_train_iou_adversarial": 0.026127329228508574, "epoch_train_acc_adversarial": 0.49549917469440186, "_wandb": {"runtime": 23}}