{"batch_train_loss_adversarial": 1.790459156036377, "_timestamp": 1661698186, "_runtime": 30, "_step": 77, "batch_train_iou_adversarial": 0.03782608360052109, "batch_train_acc_adversarial": 0.7186955680278688, "epoch_train_loss_adversarial": 2.7458534622192383, "epoch_train_iou_adversarial": 0.01526221028994769, "epoch_train_acc_adversarial": 0.2899819919257984, "_wandb": {"runtime": 31}}