{"batch_train_loss_adversarial": 1.7784136533737183, "_timestamp": 1661690080, "_runtime": 21, "_step": 626, "batch_train_iou_adversarial": 0.018344657495617867, "batch_train_acc_adversarial": 0.34854849579674363, "epoch_train_loss_adversarial": 2.1371118386204424, "epoch_train_iou_adversarial": 0.01900478948307584, "epoch_train_acc_adversarial": 0.3580303421999012, "_wandb": {"runtime": 22}}