{"batch_train_loss_adversarial": 1.8761595487594604, "_timestamp": 1661691786, "_runtime": 17, "_step": 116, "batch_train_iou_adversarial": 0.008336764760315418, "batch_train_acc_adversarial": 0.15438663987081286, "epoch_train_loss_adversarial": 2.4901005468870463, "epoch_train_iou_adversarial": 0.022682106948578667, "epoch_train_acc_adversarial": 0.42892817826835317, "_wandb": {"runtime": 18}}