{"batch_train_loss_adversarial": 2.273256778717041, "_timestamp": 1661691009, "_runtime": 25, "_step": 302, "batch_train_iou_adversarial": 0.03251437842845917, "batch_train_acc_adversarial": 0.6177731694366801, "epoch_train_loss_adversarial": 2.075906596183777, "epoch_train_iou_adversarial": 0.024947067736793543, "epoch_train_acc_adversarial": 0.4709491274500996, "_wandb": {"runtime": 26}}