{"batch_train_loss_adversarial": 1.6244838237762451, "_timestamp": 1661697348, "_runtime": 23, "_step": 77, "batch_train_iou_adversarial": 0.030443521216511726, "batch_train_acc_adversarial": 0.5784268971081572, "epoch_train_loss_adversarial": 2.4712179470062257, "epoch_train_iou_adversarial": 0.016850708266720176, "epoch_train_acc_adversarial": 0.31999657558514727, "_wandb": {"runtime": 24}}