{"batch_train_loss_adversarial": 5.834934234619141, "_timestamp": 1661681256, "_runtime": 21, "_step": 635, "batch_train_iou_adversarial": 0.001520171295851469, "batch_train_acc_adversarial": 0.02832425279809132, "epoch_train_loss_adversarial": 2.708055479831605, "epoch_train_iou_adversarial": 0.01787499060650313, "epoch_train_acc_adversarial": 0.3141866473147922, "_wandb": {"runtime": 22}}