{"batch_train_loss_adversarial": 1.5270144939422607, "_timestamp": 1661693163, "_runtime": 21, "_step": 239, "batch_train_iou_adversarial": 0.03253134340047836, "batch_train_acc_adversarial": 0.6180955419496308, "epoch_train_loss_adversarial": 2.051394747027868, "epoch_train_iou_adversarial": 0.026484660899503853, "epoch_train_acc_adversarial": 0.5031815511963936, "_wandb": {"runtime": 21}}