{"batch_train_loss_adversarial": 1.770112156867981, "_timestamp": 1661693916, "_runtime": 13, "_step": 68, "batch_train_iou_adversarial": 0.032932788133621216, "batch_train_acc_adversarial": 0.6257229673614113, "epoch_train_loss_adversarial": 2.588328930464658, "epoch_train_iou_adversarial": 0.020612180603414097, "epoch_train_acc_adversarial": 0.38725364189164996, "_wandb": {"runtime": 33}}