{"batch_train_loss_adversarial": 1.6486822366714478, "_timestamp": 1661693668, "_runtime": 28, "_step": 335, "batch_train_iou_adversarial": 0.032076023519039154, "batch_train_acc_adversarial": 0.6094444156785582, "epoch_train_loss_adversarial": 2.0378900390487535, "epoch_train_iou_adversarial": 0.026431397522190325, "epoch_train_acc_adversarial": 0.5002582581115259, "_wandb": {"runtime": 28}}