{"batch_train_loss_adversarial": 4.630940914154053, "_timestamp": 1661690746, "_runtime": 27, "_step": 773, "batch_train_iou_adversarial": 0.012653251178562641, "batch_train_acc_adversarial": 0.24041177326383478, "epoch_train_loss_adversarial": 2.347529440074579, "epoch_train_iou_adversarial": 0.017814511664664148, "epoch_train_acc_adversarial": 0.3335060867522402, "_wandb": {"runtime": 28}}