{"batch_train_loss_adversarial": 2.1018307209014893, "_timestamp": 1661681134, "_runtime": 11, "_step": 317, "batch_train_iou_adversarial": 0.0031635176856070757, "batch_train_acc_adversarial": 0.060106837139041504, "epoch_train_loss_adversarial": 2.121929703439985, "epoch_train_iou_adversarial": 0.018595719026866606, "epoch_train_acc_adversarial": 0.35250899467609, "_wandb": {"runtime": 11}}