{"batch_train_loss_adversarial": 2.1922340393066406, "_timestamp": 1661693014, "_runtime": 32, "_step": 59, "batch_train_iou_adversarial": 0.022865010425448418, "batch_train_acc_adversarial": 0.43443517624890826, "epoch_train_loss_adversarial": 2.828946640616969, "epoch_train_iou_adversarial": 0.009656376456213797, "epoch_train_acc_adversarial": 0.18240911287653283, "_wandb": {"runtime": 33}}