{"batch_train_loss_adversarial": 2.5241341590881348, "_timestamp": 1661681796, "_runtime": 16, "_step": 449, "batch_train_iou_adversarial": 0.019699454307556152, "batch_train_acc_adversarial": 0.3742896398346991, "epoch_train_loss_adversarial": 2.132661592640333, "epoch_train_iou_adversarial": 0.019963437043150362, "epoch_train_acc_adversarial": 0.37881674609591226, "_wandb": {"runtime": 16}}