{"batch_train_loss_adversarial": 1.7143431901931763, "_timestamp": 1661690930, "_runtime": 17, "_step": 83, "batch_train_iou_adversarial": 0.03307454660534859, "batch_train_acc_adversarial": 0.6284164417318844, "epoch_train_loss_adversarial": 2.507117099232144, "epoch_train_iou_adversarial": 0.029872877479647286, "epoch_train_acc_adversarial": 0.5671323871394525, "_wandb": {"runtime": 18}}