{"batch_train_loss_adversarial": 2.852760076522827, "_timestamp": 1661693797, "_runtime": 24, "_step": 230, "batch_train_iou_adversarial": 0.014140711165964603, "batch_train_acc_adversarial": 0.24757563410410502, "epoch_train_loss_adversarial": 2.0574965022112193, "epoch_train_iou_adversarial": 0.026055364914722497, "epoch_train_acc_adversarial": 0.49081161158767567, "_wandb": {"runtime": 25}}