{"batch_train_loss_adversarial": 1.598268985748291, "_timestamp": 1661691340, "_runtime": 21, "_step": 317, "batch_train_iou_adversarial": 0.033843327313661575, "batch_train_acc_adversarial": 0.6154853486693054, "epoch_train_loss_adversarial": 2.111236267998105, "epoch_train_iou_adversarial": 0.025245689489695775, "epoch_train_acc_adversarial": 0.4676785579270166, "_wandb": {"runtime": 22}}