{"batch_train_loss_adversarial": 1.3436936140060425, "_timestamp": 1661691105, "_runtime": 22, "_step": 194, "batch_train_iou_adversarial": 0.034395985305309296, "batch_train_acc_adversarial": 0.6535237454119982, "epoch_train_loss_adversarial": 2.05097908526659, "epoch_train_iou_adversarial": 0.029958854588812756, "epoch_train_acc_adversarial": 0.5690623601480418, "_wandb": {"runtime": 22}}