{"batch_train_loss_adversarial": 2.365190267562866, "_timestamp": 1661699249, "_runtime": 22, "_step": 77, "batch_train_iou_adversarial": 0.011047877371311188, "batch_train_acc_adversarial": 0.2099096730670978, "epoch_train_loss_adversarial": 2.722864236831665, "epoch_train_iou_adversarial": 0.01219046684447676, "epoch_train_acc_adversarial": 0.23051535576678442, "_wandb": {"runtime": 23}}