{"batch_train_loss_adversarial": 7.038290500640869, "_timestamp": 1661693513, "_runtime": 22, "_step": 77, "batch_train_iou_adversarial": 0.00024070472863968462, "batch_train_acc_adversarial": 0.004573390012946362, "epoch_train_loss_adversarial": 2.665055122375488, "epoch_train_iou_adversarial": 0.02149983996001538, "epoch_train_acc_adversarial": 0.40743069050192543, "_wandb": {"runtime": 23}}