{"batch_train_loss_adversarial": 2.031282663345337, "_timestamp": 1661690457, "_runtime": 15, "_step": 350, "batch_train_iou_adversarial": 0.012410190887749195, "batch_train_acc_adversarial": 0.22499174985562237, "epoch_train_loss_adversarial": 2.092279942898915, "epoch_train_iou_adversarial": 0.019752610193196147, "epoch_train_acc_adversarial": 0.3686845014134581, "_wandb": {"runtime": 16}}