{"batch_train_loss_adversarial": 2.113121509552002, "_timestamp": 1661680992, "_runtime": 15, "_step": 374, "batch_train_iou_adversarial": 0.001307911123149097, "batch_train_acc_adversarial": 0.022936908787398867, "epoch_train_loss_adversarial": 2.2907341382195874, "epoch_train_iou_adversarial": 0.015970649088639873, "epoch_train_acc_adversarial": 0.30164209745348075, "_wandb": {"runtime": 15}}