{"batch_train_loss_adversarial": 2.90334153175354, "_timestamp": 1661690591, "_runtime": 20, "_step": 665, "batch_train_iou_adversarial": 0.03076934814453125, "batch_train_acc_adversarial": 0.5524498639107954, "epoch_train_loss_adversarial": 2.1637253329764663, "epoch_train_iou_adversarial": 0.024791276831902447, "epoch_train_acc_adversarial": 0.46247271895389885, "_wandb": {"runtime": 20}}