{"batch_train_loss_adversarial": 2.335211992263794, "_timestamp": 1661697616, "_runtime": 29, "_step": 77, "batch_train_iou_adversarial": 0.020418889820575714, "batch_train_acc_adversarial": 0.38795890829471946, "epoch_train_loss_adversarial": 2.8239223098754884, "epoch_train_iou_adversarial": 0.013044750653207302, "epoch_train_acc_adversarial": 0.24649543528273563, "_wandb": {"runtime": 29}}