{"batch_train_loss_adversarial": 1.7736144065856934, "_timestamp": 1661690330, "_runtime": 20, "_step": 419, "batch_train_iou_adversarial": 0.025342043489217758, "batch_train_acc_adversarial": 0.48149884248187147, "epoch_train_loss_adversarial": 2.188603872446705, "epoch_train_iou_adversarial": 0.018270413999645903, "epoch_train_acc_adversarial": 0.3456903370369049, "_wandb": {"runtime": 20}}